t,receiver,source,txRxDistanceTB,Delay,interPacketDelay
28.223000,carNoIp[8],1061,744.316,1,0
29.397000,rsu[0],1049,646.351,1,0
40.100000,carNoIp[38],1077,705.498,1,0
41.206000,carNoIp[13],1079,786.84,1,0
44.508000,carNoIp[14],1079,195.749,1,0
44.600000,carNoIp[24],1077,629.733,1,0
46.308000,carNoIp[21],1079,1088.24,1,0
52.715000,carNoIp[46],1095,1490.11,1,0
53.379000,carNoIp[40],1031,851.213,1,0
53.790000,carNoIp[34],1033,1283.2,1,0
54.290000,carNoIp[30],1033,947.779,1,0
55.915000,carNoIp[22],1095,941.727,1,0
55.981000,carNoIp[4],1101,1085.14,1,0
56.015000,carNoIp[65],1095,917.492,1,0
56.876000,carNoIp[28],1097,567.198,1,0
57.770000,carNoIp[38],1031,909.298,1,0
58.461000,carNoIp[54],1044,670.672,1,0
58.681000,carNoIp[47],1101,901.744,1,0
59.024000,carNoIp[16],1033,925.795,1,0
60.590000,carNoIp[37],1031,885.477,1,0
60.799000,carNoIp[35],1099,828.494,1,0
60.799000,carNoIp[56],1099,814.432,1,0
61.386000,carNoIp[85],1110,73.0476,1,0
62.586000,carNoIp[80],1110,1344.92,1,0
63.297000,carNoIp[7],1111,15.33,1,0
64.331000,carNoIp[32],1040,929.548,1,0
64.397000,carNoIp[13],1111,1404.45,1,0
65.480000,carNoIp[87],1110,1025.61,1,0
65.680000,carNoIp[58],1110,1089.88,1,0
66.620000,carNoIp[58],1095,910.552,1,0
66.797000,carNoIp[48],1111,1174.3,1,0
68.280000,carNoIp[31],1110,866.868,1,0
70.097000,carNoIp[55],1111,896.871,1,0
70.446000,carNoIp[83],1111,263.159,1,0
70.580000,carNoIp[90],1110,832.867,1,0
71.883000,carNoIp[89],1034,423.256,1,0
71.937000,carNoIp[20],1044,924.768,1,0
73.046000,carNoIp[26],1111,849.813,1,0
73.083000,carNoIp[49],1034,855.866,1,0
73.361000,carNoIp[28],1123,504.779,1,0
75.108000,carNoIp[91],1034,258.365,1,0
75.288000,carNoIp[51],1127,874.843,1,0
75.988000,carNoIp[41],1127,862.689,1,0
77.880000,carNoIp[71],1111,783.829,1,0
77.913000,carNoIp[6],1064,1043.11,1,0
78.267000,carNoIp[33],1034,833.134,1,0
78.723000,carNoIp[40],1042,635.251,1,0
79.441000,carNoIp[52],1046,590.762,1,0
79.923000,carNoIp[91],1042,156.396,1,0
80.958000,carNoIp[64],1137,1139.18,1,0
81.315000,carNoIp[82],1127,1024.27,1,0
84.229000,rsu[0],1064,810.069,1,0
84.583000,carNoIp[79],1028,182.951,1,0
85.701000,carNoIp[44],1141,896.388,1,0
85.767000,carNoIp[106],1034,990.846,1,0
88.901000,carNoIp[28],1141,185.029,1,0
89.276000,carNoIp[103],1137,149.767,1,0
90.237000,carNoIp[125],1036,224.457,1,0
90.366000,carNoIp[119],1046,749.897,1,0
90.679000,carNoIp[46],1028,748.165,1,0
90.851000,carNoIp[88],1082,631.892,1,0
91.169000,carNoIp[20],1042,27.9701,1,0
91.693000,carNoIp[93],1038,765.436,1,0
92.324000,carNoIp[9],1150,908.731,1,0
92.628000,carNoIp[72],1062,604.742,1,0
93.524000,carNoIp[65],1050,838.367,1,0
94.517000,carNoIp[69],1141,794.305,1,0
94.632000,carNoIp[20],1026,1194.94,1,0
94.824000,carNoIp[133],1150,217.086,1,0
95.079000,carNoIp[57],1028,820.268,1,0
95.119000,carNoIp[77],1159,841.011,1,0
95.260000,carNoIp[77],1046,871.822,1,0
95.347000,carNoIp[109],1062,705.307,1,0
95.669000,carNoIp[23],1042,1217.18,1,0
96.306000,carNoIp[32],1050,500.696,1,0
96.600000,carNoIp[85],1156,984.975,1,0
96.905000,carNoIp[89],1127,493.432,1,0
96.947000,carNoIp[111],1062,212.752,1,0
97.132000,carNoIp[11],1143,1396.94,1,0
97.534000,carNoIp[84],1026,596.084,1,0
97.762000,carNoIp[42],1036,857.226,1,0
98.806000,carNoIp[54],1165,950.351,1,0
99.050000,carNoIp[125],1054,1169.81,1,0
99.241000,carNoIp[116],1159,1189.56,1,0
99.452000,carNoIp[114],1163,970.713,1,0
99.652000,carNoIp[88],1163,1040.09,1,0
99.692000,carNoIp[66],1082,759.228,1,0
99.862000,carNoIp[89],1036,830.048,1,0
100.031000,carNoIp[103],1038,651.78,1,0
100.169000,carNoIp[41],1042,1017.63,1,0
100.624000,carNoIp[12],1054,29.2201,1,0
101.006000,carNoIp[102],1046,993.329,1,0
101.652000,carNoIp[81],1163,912.869,1,0
101.723000,carNoIp[82],1159,851.895,1,0
101.867000,carNoIp[102],1156,832.382,1,0
103.118000,carNoIp[79],1167,987.654,1,0
103.640000,carNoIp[134],1066,818.526,1,0
104.201000,carNoIp[117],1086,796.35,1,0
104.454000,carNoIp[113],1141,569.97,1,0
105.394000,carNoIp[147],1036,1238.92,1,0
105.780000,carNoIp[57],1163,953.056,1,0
106.480000,carNoIp[124],1171,353.781,1,0
106.792000,carNoIp[93],1082,886.533,1,0
107.131000,carNoIp[102],1167,988.723,1,0
109.218000,carNoIp[114],1167,866.085,1,0
109.710000,carNoIp[50],1062,978.838,1,0
109.713000,carNoIp[71],1066,811.331,1,0
109.792000,carNoIp[132],1156,897.214,1,0
109.904000,carNoIp[49],1171,1123.25,1,0
110.018000,carNoIp[67],1167,1111.12,1,0
110.118000,carNoIp[112],1167,1012.49,1,0
110.189000,carNoIp[89],1159,668.994,1,0
110.189000,carNoIp[136],1159,775.703,1,0
110.992000,carNoIp[86],1086,942.588,1,0
111.918000,carNoIp[150],1167,1078.13,1,0
111.935000,carNoIp[68],1068,630.103,1,0
111.986000,carNoIp[52],1082,514.557,1,0
112.154000,carNoIp[83],1062,961.343,1,0
113.285000,carNoIp[57],1173,753.082,1,0
113.512000,carNoIp[33],1171,1045.18,1,0
114.226000,carNoIp[149],1086,1296.79,1,0
114.291000,carNoIp[52],1163,870.488,1,0
114.800000,carNoIp[117],1181,957.404,1,0
114.935000,carNoIp[80],1068,710.495,1,0
115.285000,carNoIp[128],1173,700.532,1,0
115.312000,carNoIp[112],1066,966.165,1,0
115.432000,carNoIp[46],1165,971.51,1,0
116.533000,carNoIp[126],1181,1041.07,1,0
116.612000,carNoIp[127],1171,1173.81,1,0
116.779000,carNoIp[84],1058,803.858,1,0
117.033000,carNoIp[92],1181,962.937,1,0
117.826000,carNoIp[46],1086,1268.64,1,0
118.326000,carNoIp[86],1086,1230.67,1,7334
120.043000,carNoIp[132],1058,941.098,1,0
120.744000,carNoIp[156],1181,1255.24,1,0
121.824000,rsu[0],1195,916.108,1,0
122.132000,carNoIp[158],1073,543.266,1,0
122.542000,carNoIp[151],1116,791.467,1,0
124.543000,carNoIp[62],1058,993.463,1,0
124.669000,carNoIp[87],1195,1019.79,1,0
124.829000,carNoIp[111],1068,751.292,1,0
124.969000,carNoIp[96],1195,960.944,1,0
125.285000,carNoIp[103],1173,477.943,1,0
125.329000,carNoIp[86],1068,1214.43,1,0
125.729000,carNoIp[169],1068,87.7194,1,0
125.842000,carNoIp[82],1116,851.426,1,0
125.970000,carNoIp[59],1076,1007.4,1,0
126.346000,carNoIp[136],1078,832.369,1,0
126.669000,carNoIp[57],1195,968.216,1,0
126.716000,carNoIp[163],1104,131.413,1,0
126.727000,carNoIp[118],1189,556.341,1,0
126.829000,carNoIp[124],1068,844.819,1,0
126.946000,carNoIp[147],1078,256.387,1,0
127.114000,carNoIp[160],1189,1074.96,1,0
128.284000,carNoIp[134],1181,797.677,1,0
129.101000,carNoIp[82],1128,285.199,1,0
129.608000,carNoIp[150],1076,737.87,1,0
130.139000,carNoIp[116],1116,966.838,1,0
130.239000,carNoIp[73],1116,1370.43,1,0
130.675000,carNoIp[176],1196,726.935,1,0
130.814000,carNoIp[106],1189,113.314,1,0
131.308000,carNoIp[176],1076,793.082,1,0
131.408000,carNoIp[88],1076,755.46,1,0
131.775000,carNoIp[54],1196,720.478,1,0
131.784000,carNoIp[82],1078,895.913,1,0
131.869000,carNoIp[80],1195,872.215,1,0
132.896000,carNoIp[43],1092,668.268,1,0
134.241000,carNoIp[89],1056,626.886,1,0
135.179000,carNoIp[144],1068,1439.05,1,0
135.211000,carNoIp[173],1078,908.008,1,0
135.479000,carNoIp[57],1068,1103.16,1,0
135.511000,carNoIp[30],1078,1115.76,1,0
135.579000,carNoIp[50],1068,1281.65,1,0
135.779000,carNoIp[170],1068,688.735,1,0
138.705000,carNoIp[136],1092,783.04,1,0
139.073000,carNoIp[155],1080,925.189,1,0
139.880000,carNoIp[144],1092,877.562,1,0
140.055000,carNoIp[57],1120,1255.48,1,0
140.307000,carNoIp[146],1048,832.429,1,0
140.556000,carNoIp[96],1215,809.303,1,0
141.502000,carNoIp[78],1217,1096.33,1,0
142.100000,carNoIp[162],1071,1017.4,1,0
142.263000,carNoIp[147],1132,721.025,1,0
142.295000,carNoIp[120],1160,529.451,1,0
142.393000,carNoIp[178],1215,1187.62,1,0
142.500000,carNoIp[164],1071,801.98,1,0
142.993000,carNoIp[106],1215,103.434,1,0
143.207000,carNoIp[57],1048,1459.71,1,0
143.322000,carNoIp[126],1084,977.386,1,0
144.056000,carNoIp[138],1073,704.283,1,0
144.200000,carNoIp[186],1071,903.162,1,0
144.300000,carNoIp[164],1071,831.604,1,1800
145.200000,carNoIp[155],1071,402.961,1,0
145.249000,carNoIp[168],1052,1302.09,1,0
145.393000,carNoIp[108],1048,893.8,1,0
145.468000,carNoIp[79],1092,910.821,1,0
145.811000,carNoIp[78],1132,101.415,1,0
145.832000,carNoIp[53],1071,1101.28,1,0
145.849000,carNoIp[162],1052,891.003,1,0
146.408000,carNoIp[128],1092,935.437,1,0
146.431000,carNoIp[121],1113,818.76,1,0
146.724000,carNoIp[30],1221,1281.18,1,0
146.832000,carNoIp[182],1071,1179.3,1,0
147.613000,carNoIp[190],1056,888.927,1,0
147.728000,carNoIp[114],1120,46.4516,1,0
147.832000,carNoIp[136],1128,621.369,1,0
147.928000,carNoIp[43],1073,1001.79,1,0
147.942000,carNoIp[68],1221,978.033,1,0
148.032000,carNoIp[91],1071,901.938,1,0
148.052000,carNoIp[45],1060,1061.44,1,0
148.162000,carNoIp[131],1084,837.886,1,0
148.392000,rsu[0],1080,875.51,1,0
148.593000,carNoIp[172],1048,956.892,1,0
148.627000,carNoIp[198],1140,1377.65,1,0
148.727000,carNoIp[181],1140,316.141,1,0
148.731000,carNoIp[176],1113,859.901,1,0
149.413000,carNoIp[121],1056,896.207,1,0
149.513000,carNoIp[106],1120,48.3073,1,0
150.027000,carNoIp[152],1140,845.259,1,0
150.227000,carNoIp[115],1128,668.862,1,0
150.431000,carNoIp[156],1113,883.946,1,0
150.841000,carNoIp[149],1111,738.151,1,0
150.927000,carNoIp[155],1128,765.419,1,0
150.966000,carNoIp[68],1084,868.52,1,0
151.792000,carNoIp[103],1080,967.999,1,0
151.891000,carNoIp[202],1136,758.017,1,0
151.943000,carNoIp[189],1120,253.955,1,0
152.356000,carNoIp[195],1237,84.876,1,0
152.374000,carNoIp[145],1140,814.332,1,0
152.977000,carNoIp[92],1088,756.922,1,0
152.978000,carNoIp[98],1071,1374.4,1,0
153.296000,carNoIp[173],1160,1173.31,1,0
153.326000,carNoIp[103],1230,729.261,1,0
153.574000,carNoIp[34],1132,224.649,1,0
153.974000,carNoIp[137],1140,856.202,1,0
154.026000,carNoIp[194],1230,1269.65,1,0
154.455000,carNoIp[79],1084,950.497,1,0
154.474000,carNoIp[123],1132,886.783,1,0
154.956000,carNoIp[100],1237,809.716,1,0
155.646000,carNoIp[141],1113,917.016,1,0
155.810000,carNoIp[185],1160,512.782,1,0
156.534000,carNoIp[127],1074,321.122,1,0
156.542000,carNoIp[128],1223,709.429,1,0
157.277000,carNoIp[182],1088,1421.03,1,0
157.279000,carNoIp[204],1239,225.544,1,0
157.455000,carNoIp[143],1084,1007.97,1,0
157.627000,carNoIp[71],1128,847.849,1,0
159.126000,carNoIp[72],1245,597.375,1,0
159.127000,carNoIp[110],1111,1057.26,1,0
159.426000,carNoIp[186],1245,941.061,1,0
159.656000,carNoIp[129],1237,1214.78,1,0
159.682000,carNoIp[85],1096,1006.9,1,0
159.726000,carNoIp[103],1245,1179.33,1,0
159.991000,carNoIp[171],1184,666.478,1,0
160.022000,carNoIp[214],1217,872.094,1,0
160.027000,carNoIp[167],1111,849.807,1,0
160.446000,carNoIp[169],1100,771.223,1,0
160.827000,carNoIp[34],1128,45.9474,1,0
160.950000,carNoIp[72],1096,705.131,1,0
161.297000,carNoIp[193],1243,738.159,1,0
161.326000,carNoIp[123],1245,921.661,1,0
161.727000,carNoIp[145],1128,822.725,1,0
162.398000,carNoIp[115],1164,576.821,1,0
163.077000,carNoIp[72],1088,1027.21,1,0
163.463000,carNoIp[151],1230,632.432,1,0
163.535000,carNoIp[100],1111,602.322,1,0
163.840000,carNoIp[187],1128,915.95,1,0
163.877000,carNoIp[162],1088,967.642,1,0
164.109000,carNoIp[104],1136,853.641,1,0
164.219000,carNoIp[141],1060,820.259,1,0
165.291000,carNoIp[159],1184,576.359,1,0
165.452000,carNoIp[82],1122,386.02,1,0
166.754000,carNoIp[146],1245,858.272,1,0
166.904000,carNoIp[177],1128,938.851,1,0
166.963000,carNoIp[103],1230,611.278,1,13637
167.243000,carNoIp[188],1111,1328.28,1,0
167.343000,carNoIp[192],1111,1094.01,1,0
167.743000,carNoIp[72],1111,500.686,1,0
167.903000,carNoIp[196],1221,894.316,1,0
167.943000,carNoIp[217],1111,1200.6,1,0
168.022000,carNoIp[153],1249,673.977,1,0
168.418000,carNoIp[151],1106,509.499,1,0
168.577000,carNoIp[178],1144,899.637,1,0
168.900000,carNoIp[210],1128,1070.21,1,0
169.037000,carNoIp[197],1237,859.867,1,0
169.377000,carNoIp[231],1144,919.442,1,0
169.651000,carNoIp[183],1096,786.208,1,0
170.419000,carNoIp[157],1060,987.193,1,0
170.546000,carNoIp[120],1245,960.114,1,0
171.686000,carNoIp[129],1130,1078.39,1,0
171.960000,carNoIp[83],1136,896.931,1,0
172.539000,carNoIp[70],1146,246.583,1,0
172.560000,carNoIp[130],1136,918.992,1,0
172.977000,carNoIp[43],1223,831.459,1,0
173.142000,carNoIp[162],1239,715.688,1,0
173.395000,carNoIp[64],1098,142.461,1,0
173.995000,carNoIp[80],1122,674.986,1,0
174.643000,carNoIp[141],1136,901.222,1,0
176.018000,carNoIp[123],1146,640.346,1,0
176.354000,carNoIp[165],1261,790,1,0
176.377000,carNoIp[141],1144,937.668,1,0
176.430000,carNoIp[226],1126,990.639,1,0
176.577000,carNoIp[41],1144,996.073,1,0
176.630000,carNoIp[177],1126,561.726,1,0
176.662000,carNoIp[233],1096,415.657,1,0
176.931000,carNoIp[123],1164,817.263,1,0
177.431000,carNoIp[103],1164,1006.56,1,0
178.391000,carNoIp[215],1263,660.365,1,0
179.554000,carNoIp[156],1261,307.493,1,0
179.877000,carNoIp[216],1188,502.086,1,0
179.959000,carNoIp[71],1122,1304.01,1,0
180.182000,carNoIp[194],1090,568.246,1,0
180.262000,carNoIp[190],1096,1016.11,1,0
180.931000,carNoIp[140],1130,388.231,1,0
182.852000,carNoIp[165],1164,901.709,1,0
183.141000,carNoIp[224],1074,1043.19,1,0
183.259000,carNoIp[154],1122,670.212,1,0
183.779000,carNoIp[223],1098,397.988,1,0
183.823000,carNoIp[164],1102,759.17,1,0
184.323000,carNoIp[149],1102,770.111,1,0
185.062000,carNoIp[112],1184,1053.38,1,0
185.662000,carNoIp[243],1281,977.155,1,0
185.919000,carNoIp[130],1275,628.956,1,0
186.692000,carNoIp[249],1134,348.234,1,0
187.062000,carNoIp[108],1281,484.936,1,0
187.662000,carNoIp[197],1184,675.277,1,0
187.729000,carNoIp[82],1126,514.799,1,0
187.820000,carNoIp[227],1146,894.935,1,0
188.079000,carNoIp[210],1074,823.002,1,0
188.120000,carNoIp[123],1146,885.015,1,12102
188.572000,carNoIp[201],1275,763.066,1,0
189.075000,carNoIp[194],1283,915.242,1,0
189.206000,carNoIp[92],1188,99.3705,1,0
189.563000,carNoIp[146],1271,713.746,1,0
189.762000,carNoIp[206],1184,1087.35,1,0
190.055000,carNoIp[137],1178,431.766,1,0
190.175000,carNoIp[103],1283,1154.7,1,0
190.398000,carNoIp[180],1090,26.1406,1,0
190.420000,carNoIp[249],1146,1096.93,1,0
190.563000,carNoIp[120],1271,192.264,1,0
191.079000,carNoIp[199],1098,873.505,1,0
191.148000,carNoIp[121],1126,875.44,1,0
191.262000,carNoIp[190],1184,879.535,1,0
191.262000,carNoIp[246],1184,1318.07,1,0
191.275000,carNoIp[172],1283,886.972,1,0
191.375000,rsu[0],1283,829.574,1,0
191.479000,carNoIp[240],1074,994.153,1,0
191.482000,carNoIp[211],1269,571.779,1,0
191.717000,carNoIp[227],1106,812.449,1,0
191.806000,carNoIp[160],1188,745.286,1,0
191.812000,carNoIp[253],1122,995.463,1,0
191.862000,carNoIp[203],1184,890.253,1,0
192.179000,carNoIp[223],1098,714.426,1,8400
192.462000,carNoIp[193],1184,1001.56,1,0
192.548000,carNoIp[239],1130,611.909,1,0
193.265000,carNoIp[208],1142,794.339,1,0
193.293000,carNoIp[199],1206,733.013,1,0
193.362000,carNoIp[144],1184,972.514,1,0
193.663000,carNoIp[202],1271,687.061,1,0
194.699000,carNoIp[112],1098,189.342,1,0
194.709000,carNoIp[165],1106,864.293,1,0
194.812000,carNoIp[253],1122,1011.9,1,3000
195.165000,carNoIp[207],1142,832.146,1,0
195.512000,carNoIp[125],1122,713.853,1,0
195.548000,carNoIp[216],1130,1003.81,1,0
195.548000,carNoIp[259],1130,539.316,1,0
195.599000,carNoIp[169],1098,960.267,1,0
195.599000,carNoIp[234],1098,984.337,1,0
196.040000,carNoIp[165],1090,756.976,1,0
196.041000,carNoIp[251],1158,175.913,1,0
196.306000,carNoIp[167],1188,777.61,1,0
196.320000,carNoIp[198],1138,806.284,1,0
196.563000,carNoIp[100],1271,1128.48,1,0
196.696000,carNoIp[261],1122,905.247,1,0
197.258000,carNoIp[169],1289,703.636,1,0
197.396000,carNoIp[196],1122,955.624,1,0
197.648000,carNoIp[245],1130,1158.11,1,0
197.719000,carNoIp[232],1182,1136.2,1,0
198.162000,carNoIp[218],1118,718.813,1,0
198.285000,carNoIp[184],1142,960.01,1,0
198.885000,carNoIp[247],1142,906.996,1,0
198.985000,carNoIp[166],1142,1082.89,1,0
199.285000,carNoIp[189],1142,904.25,1,0
199.440000,carNoIp[257],1090,1135.85,1,0
200.040000,carNoIp[254],1090,1137.94,1,0
200.137000,carNoIp[198],1202,603.044,1,0
200.301000,carNoIp[80],1178,1170.87,1,0
200.323000,carNoIp[207],1295,738.547,1,0
200.385000,carNoIp[188],1142,994.616,1,0
200.523000,carNoIp[264],1106,989.04,1,0
201.143000,carNoIp[186],1148,775.205,1,0
201.606000,carNoIp[229],1122,997.48,1,0
202.006000,carNoIp[259],1122,707.811,1,0
202.040000,carNoIp[137],1090,916.201,1,0
202.266000,carNoIp[212],1118,825.516,1,0
202.623000,carNoIp[116],1295,1293.36,1,0
202.640000,carNoIp[189],1090,930.627,1,0
203.048000,carNoIp[137],1188,902.522,1,0
203.346000,carNoIp[169],1166,727.77,1,0
203.645000,carNoIp[174],1182,899.18,1,0
203.648000,carNoIp[168],1188,921.578,1,0
204.001000,rsu[0],1178,688.058,1,0
204.045000,carNoIp[213],1182,905.14,1,0
204.708000,carNoIp[218],1134,635.195,1,0
204.740000,carNoIp[181],1138,950.131,1,0
204.833000,carNoIp[214],1206,995.625,1,0
204.840000,carNoIp[41],1090,978.004,1,0
205.823000,carNoIp[201],1295,821.559,1,0
205.893000,carNoIp[183],1166,1358.02,1,0
206.204000,carNoIp[150],1118,960.978,1,0
206.804000,carNoIp[148],1118,924.946,1,0
207.340000,carNoIp[257],1138,1136.22,1,0
208.593000,carNoIp[141],1166,845.808,1,0
210.528000,carNoIp[243],1295,610.698,1,0
211.252000,carNoIp[262],1202,943.386,1,0
211.343000,carNoIp[182],1151,497.492,1,0
211.384000,carNoIp[238],1158,937.204,1,0
211.411000,carNoIp[88],1316,923.378,1,0
211.569000,carNoIp[201],1186,688.485,1,0
211.969000,carNoIp[245],1186,312.369,1,0
212.085000,carNoIp[165],1156,685.591,1,0
212.104000,carNoIp[150],1118,1116.45,1,5900
212.472000,carNoIp[133],1108,758.98,1,0
212.606000,carNoIp[208],1202,827.422,1,0
212.877000,carNoIp[68],1178,907.456,1,0
213.303000,carNoIp[199],1303,575.138,1,0
213.311000,carNoIp[186],1134,909.539,1,0
213.558000,carNoIp[189],1148,1029.69,1,0
213.706000,carNoIp[224],1202,922.615,1,0
213.906000,carNoIp[153],1202,853.134,1,0
213.911000,carNoIp[246],1134,825.167,1,0
213.993000,carNoIp[141],1166,957.695,1,5400
214.006000,carNoIp[267],1202,774.142,1,0
214.093000,carNoIp[224],1166,1039.44,1,0
214.522000,carNoIp[271],1310,938.789,1,0
214.725000,carNoIp[192],1156,620.149,1,0
215.325000,carNoIp[271],1295,819.955,1,0
215.963000,carNoIp[168],1158,982.761,1,0
216.425000,carNoIp[161],1295,621.34,1,0
217.077000,carNoIp[121],1178,1006.6,1,0
217.081000,carNoIp[121],1233,446.181,1,0
217.605000,carNoIp[206],1321,1165.53,1,0
217.711000,carNoIp[297],1134,1052.46,1,0
218.302000,carNoIp[160],1198,1145.27,1,0
218.837000,carNoIp[177],1310,1239.13,1,0
218.884000,carNoIp[250],1316,797.337,1,0
219.368000,carNoIp[220],1108,917.655,1,0
220.302000,carNoIp[285],1198,861.465,1,0
220.353000,carNoIp[163],1319,632.947,1,0
220.668000,carNoIp[81],1108,1108.19,1,0
220.852000,carNoIp[200],1172,682.269,1,0
221.190000,carNoIp[273],1134,986.304,1,0
221.713000,carNoIp[137],1295,783.85,1,0
221.968000,carNoIp[178],1108,955.868,1,0
222.390000,carNoIp[185],1134,967.359,1,0
222.553000,carNoIp[123],1319,617.312,1,0
222.853000,carNoIp[182],1319,269.372,1,0
222.868000,carNoIp[174],1108,976.124,1,0
222.983000,carNoIp[293],1310,30.2038,1,0
223.090000,carNoIp[253],1134,986.441,1,0
224.246000,carNoIp[216],1216,690.247,1,0
224.545000,carNoIp[168],1316,742.868,1,0
225.068000,carNoIp[262],1151,786.326,1,0
225.411000,carNoIp[212],1321,867.933,1,0
225.445000,carNoIp[181],1198,1091.94,1,0
225.615000,carNoIp[201],1186,969.918,1,14046
225.780000,carNoIp[249],1231,539.354,1,0
226.365000,carNoIp[242],1327,849.898,1,0
226.502000,carNoIp[174],1331,763.5,1,0
226.589000,carNoIp[88],1156,868.445,1,0
226.615000,carNoIp[192],1186,983.591,1,0
226.951000,carNoIp[184],1172,807.234,1,0
227.402000,carNoIp[285],1151,784.188,1,0
227.589000,carNoIp[235],1156,883.395,1,0
227.645000,carNoIp[268],1316,916.258,1,0
227.902000,rsu[0],1151,766.966,1,0
227.905000,carNoIp[288],1176,1486.65,1,0
228.605000,carNoIp[212],1176,822.05,1,0
228.934000,carNoIp[296],1193,718.76,1,0
229.305000,carNoIp[234],1176,499.424,1,0
229.783000,carNoIp[265],1168,429.409,1,0
229.811000,carNoIp[274],1321,751.632,1,0
230.092000,carNoIp[123],1331,885.621,1,0
230.092000,carNoIp[161],1331,881.715,1,0
230.175000,carNoIp[136],1335,602.214,1,0
230.252000,carNoIp[208],1325,577.697,1,0
230.536000,carNoIp[123],1273,582.124,1,0
230.636000,carNoIp[206],1273,745.354,1,0
230.921000,carNoIp[267],1191,689.715,1,0
230.988000,carNoIp[199],1172,887.87,1,0
231.165000,carNoIp[279],1327,786.908,1,0
231.177000,carNoIp[218],1220,273.399,1,0
231.189000,carNoIp[247],1156,360.714,1,0
231.347000,carNoIp[250],1216,827.052,1,0
231.592000,carNoIp[246],1331,922.867,1,0
231.789000,carNoIp[298],1156,1268.15,1,0
232.421000,carNoIp[203],1191,789.195,1,0
232.692000,carNoIp[155],1331,1289.14,1,0
232.809000,carNoIp[247],1156,365.823,1,1620
232.901000,carNoIp[266],1233,783.444,1,0
232.909000,carNoIp[174],1156,712.462,1,0
233.555000,carNoIp[276],1176,1031,1,0
233.741000,carNoIp[198],1193,336.025,1,0
234.004000,carNoIp[276],1337,1414.19,1,0
234.118000,carNoIp[284],1151,1004.27,1,0
234.601000,carNoIp[296],1233,785.303,1,0
234.641000,carNoIp[233],1193,1248.74,1,0
235.407000,carNoIp[150],1231,1249.64,1,0
235.590000,carNoIp[123],1172,992.919,1,0
235.604000,carNoIp[302],1337,1140.4,1,0
235.708000,carNoIp[215],1327,694.392,1,0
236.101000,carNoIp[307],1233,820.791,1,0
236.130000,carNoIp[297],1212,555.732,1,0
236.418000,carNoIp[141],1151,1064.41,1,0
236.515000,carNoIp[312],1321,1366.36,1,0
236.771000,carNoIp[313],1216,181.603,1,0
236.818000,carNoIp[262],1151,971.22,1,11750
237.116000,carNoIp[220],1339,746.658,1,0
237.222000,carNoIp[303],1176,1015.46,1,0
237.292000,carNoIp[234],1220,355.599,1,0
237.301000,carNoIp[267],1233,837.758,1,0
237.307000,carNoIp[199],1231,824.678,1,0
237.318000,carNoIp[300],1208,863.726,1,0
238.390000,carNoIp[212],1151,905.518,1,0
238.776000,rsu[0],1191,892.045,1,0
238.776000,carNoIp[302],1191,1103.67,1,0
239.573000,carNoIp[191],1331,731.731,1,0
239.573000,carNoIp[243],1331,696.074,1,0
239.779000,carNoIp[256],1193,906.337,1,0
239.871000,carNoIp[308],1216,1024.87,1,0
240.513000,carNoIp[330],1231,438.464,1,0
240.671000,carNoIp[236],1216,1001.09,1,0
240.716000,carNoIp[209],1224,615.114,1,0
241.001000,carNoIp[242],1233,900.732,1,0
241.001000,carNoIp[248],1233,952.205,1,0
241.339000,carNoIp[194],1193,26.8714,1,0
242.014000,carNoIp[144],1233,947.262,1,0
242.211000,carNoIp[312],1350,1133.61,1,0
242.214000,carNoIp[224],1233,927.272,1,0
242.222000,carNoIp[318],1224,1133.39,1,0
242.276000,carNoIp[220],1191,775.419,1,0
242.313000,carNoIp[164],1231,1325.03,1,0
242.676000,carNoIp[163],1191,993.507,1,0
243.002000,carNoIp[294],1345,810.266,1,0
243.442000,carNoIp[88],1273,803.93,1,0
243.513000,carNoIp[277],1231,967.914,1,0
243.586000,carNoIp[136],1168,728.055,1,0
244.007000,carNoIp[142],1193,244.503,1,0
244.084000,carNoIp[161],1153,853.802,1,0
244.167000,carNoIp[322],1220,1286.01,1,0
244.186000,carNoIp[195],1168,764.735,1,0
244.271000,carNoIp[234],1349,301.557,1,0
244.886000,carNoIp[323],1168,129.988,1,0
245.367000,carNoIp[280],1220,1038.41,1,0
245.385000,carNoIp[170],1337,762.372,1,0
245.386000,carNoIp[230],1273,843.555,1,0
245.465000,carNoIp[253],1339,578.962,1,0
245.822000,carNoIp[207],1224,302.41,1,0
245.852000,carNoIp[320],1359,1065.89,1,0
245.912000,carNoIp[123],1361,1280.51,1,0
246.126000,carNoIp[270],1252,613.834,1,0
246.522000,carNoIp[239],1224,725.224,1,0
246.711000,carNoIp[310],1350,919.324,1,0
247.113000,carNoIp[221],1361,1154.25,1,0
247.184000,carNoIp[222],1153,950.344,1,0
247.208000,carNoIp[311],1208,1073.55,1,0
247.621000,carNoIp[296],1350,853.054,1,0
248.321000,carNoIp[248],1350,894.902,1,0
248.404000,carNoIp[226],1224,252.133,1,0
248.895000,carNoIp[280],1349,871.694,1,0
248.984000,carNoIp[323],1153,127.355,1,0
249.113000,carNoIp[296],1361,889.746,1,0
249.245000,carNoIp[311],1345,3.63033,1,0
250.177000,carNoIp[305],1180,61.0954,1,0
250.313000,carNoIp[262],1361,879.198,1,0
251.052000,carNoIp[291],1359,896.551,1,0
251.360000,carNoIp[250],1349,782.086,1,0
251.408000,carNoIp[245],1208,806.084,1,0
252.152000,carNoIp[275],1359,838.996,1,0
252.497000,carNoIp[169],1339,466.633,1,0
253.005000,carNoIp[314],1244,1378.68,1,0
253.059000,carNoIp[277],1273,889.688,1,0
253.105000,carNoIp[250],1244,850.853,1,0
253.195000,carNoIp[328],1168,976.609,1,0
253.228000,carNoIp[285],1350,731.536,1,0
253.430000,carNoIp[169],1367,929.836,1,0
253.495000,carNoIp[315],1260,758.218,1,0
253.724000,carNoIp[191],1349,738.307,1,0
253.901000,carNoIp[290],1168,934.983,1,0
254.157000,carNoIp[250],1367,926.93,1,0
255.190000,carNoIp[339],1363,831.307,1,0
255.590000,carNoIp[163],1224,869.195,1,0
255.972000,rsu[0],1168,922.048,1,0
256.090000,carNoIp[258],1224,961.408,1,0
256.390000,carNoIp[203],1350,683.189,1,0
256.472000,carNoIp[195],1168,1038.54,1,12286
256.666000,carNoIp[222],1361,768.245,1,0
256.995000,carNoIp[216],1260,794.79,1,0
257.303000,carNoIp[277],1240,653.334,1,0
258.020000,carNoIp[245],1373,942.026,1,0
258.066000,carNoIp[311],1349,861.695,1,0
258.474000,carNoIp[216],1224,944.971,1,0
258.583000,carNoIp[133],1260,810.983,1,0
258.814000,carNoIp[304],1345,1038.9,1,0
258.914000,carNoIp[236],1357,703.488,1,0
258.928000,carNoIp[296],1252,716.218,1,0
259.173000,carNoIp[278],1200,874.616,1,0
260.237000,carNoIp[249],1361,1033.7,1,0
260.320000,carNoIp[228],1240,867.647,1,0
260.496000,carNoIp[320],1367,919.526,1,0
260.544000,carNoIp[248],1373,927.755,1,0
260.583000,carNoIp[241],1260,855.966,1,0
260.844000,carNoIp[276],1373,1011.58,1,0
260.896000,carNoIp[288],1367,940.178,1,0
261.190000,carNoIp[312],1377,928.246,1,0
261.896000,carNoIp[276],1367,832.328,1,0
262.038000,carNoIp[256],1357,403.736,1,0
262.052000,carNoIp[195],1359,828.52,1,0
262.108000,carNoIp[325],1363,492.252,1,0
262.496000,carNoIp[337],1367,232.627,1,0
263.048000,carNoIp[269],1180,781.507,1,0
263.109000,carNoIp[154],1363,280.417,1,0
263.222000,carNoIp[276],1170,738.936,1,0
263.609000,carNoIp[274],1246,646.161,1,0
264.183000,carNoIp[270],1260,985.855,1,0
264.183000,carNoIp[278],1260,993.358,1,0
265.440000,carNoIp[235],1379,687.453,1,0
265.850000,carNoIp[347],1371,986.966,1,0
266.065000,carNoIp[343],1260,953.527,1,0
266.403000,carNoIp[276],1375,781.049,1,0
266.703000,carNoIp[144],1375,1058.19,1,0
266.766000,carNoIp[224],1170,624.663,1,0
266.813000,carNoIp[294],1266,615.455,1,0
267.010000,carNoIp[238],1367,771.106,1,0
267.865000,carNoIp[313],1260,818.708,1,0
268.103000,carNoIp[279],1375,894.266,1,0
268.114000,carNoIp[256],1240,964.444,1,0
268.494000,carNoIp[208],1373,791.392,1,0
268.528000,carNoIp[320],1238,842.538,1,0
268.540000,carNoIp[242],1379,720.842,1,0
268.544000,carNoIp[342],1154,945.602,1,0
268.794000,carNoIp[263],1373,1144.6,1,0
268.814000,carNoIp[303],1240,954.636,1,0
268.914000,carNoIp[319],1240,1013.08,1,0
269.040000,carNoIp[263],1379,748.772,1,0
269.103000,carNoIp[191],1375,803.869,1,0
269.116000,carNoIp[208],1361,555.267,1,0
269.378000,carNoIp[356],1218,1216.7,1,0
269.572000,carNoIp[219],1290,758.914,1,0
269.613000,carNoIp[272],1266,708.568,1,0
270.345000,carNoIp[210],1252,913.222,1,0
270.916000,carNoIp[262],1170,816.076,1,0
271.045000,carNoIp[312],1252,930.425,1,0
271.145000,carNoIp[254],1238,699.27,1,0
271.216000,carNoIp[326],1170,952.535,1,0
271.413000,carNoIp[199],1218,830.093,1,0
271.624000,carNoIp[362],1222,753.815,1,0
271.714000,carNoIp[263],1240,1083.98,1,0
271.850000,carNoIp[136],1396,610.221,1,0
272.009000,carNoIp[371],1246,39.6655,1,0
272.113000,carNoIp[223],1218,835.964,1,0
272.345000,carNoIp[254],1252,1005.53,1,0
272.966000,carNoIp[274],1170,854.345,1,0
273.544000,carNoIp[283],1154,889.032,1,0
274.366000,carNoIp[350],1170,895.462,1,0
274.378000,carNoIp[245],1266,664.239,1,0
274.795000,carNoIp[313],1396,860.635,1,0
275.324000,carNoIp[337],1222,822.636,1,0
275.677000,carNoIp[366],1228,918.613,1,0
276.309000,carNoIp[344],1246,1239.37,1,0
276.443000,carNoIp[324],1154,1010.29,1,0
276.456000,carNoIp[353],1266,203.186,1,0
277.078000,carNoIp[362],1218,915.744,1,0
277.156000,carNoIp[302],1266,859.573,1,0
277.286000,carNoIp[275],1322,520.151,1,0
277.365000,carNoIp[270],1375,661.129,1,0
277.378000,carNoIp[256],1218,431.8,1,0
277.456000,carNoIp[349],1266,171.944,1,0
278.044000,carNoIp[360],1401,1484.03,1,0
278.218000,carNoIp[336],1170,1011.36,1,0
278.501000,carNoIp[88],1222,812.18,1,0
278.748000,carNoIp[278],1238,844.315,1,0
279.118000,carNoIp[269],1170,973.662,1,0
279.195000,carNoIp[161],1396,821.576,1,0
279.477000,carNoIp[322],1228,1061.97,1,0
279.620000,carNoIp[350],1397,699.028,1,0
279.705000,carNoIp[314],1401,915.546,1,0
279.905000,carNoIp[228],1401,126.842,1,0
279.962000,carNoIp[348],1322,784.785,1,0
280.118000,carNoIp[258],1170,997.078,1,0
280.295000,carNoIp[361],1226,920.404,1,0
280.298000,carNoIp[245],1396,768.009,1,0
280.376000,carNoIp[284],1403,806.768,1,0
280.978000,carNoIp[330],1218,890.127,1,0
281.003000,carNoIp[201],1290,734.313,1,0
281.081000,carNoIp[188],1278,286.281,1,0
281.195000,carNoIp[170],1226,513.779,1,0
281.292000,carNoIp[367],1401,1010.24,1,0
282.033000,carNoIp[371],1266,1079.21,1,0
282.581000,carNoIp[353],1278,825.046,1,0
283.343000,carNoIp[282],1238,566.029,1,0
283.543000,carNoIp[202],1238,26.3914,1,0
283.881000,carNoIp[343],1278,701.938,1,0
283.997000,carNoIp[184],1298,664.822,1,0
284.997000,carNoIp[304],1258,541.581,1,0
285.043000,carNoIp[326],1238,981.68,1,0
286.197000,carNoIp[380],1298,1222.22,1,0
286.224000,carNoIp[301],1254,898.672,1,0
286.353000,carNoIp[314],1407,403.683,1,0
286.536000,carNoIp[248],1403,846.706,1,0
286.598000,carNoIp[308],1396,203.892,1,0
286.917000,carNoIp[318],1385,449.66,1,0
287.197000,carNoIp[203],1228,964.357,1,0
287.197000,carNoIp[344],1228,1149.48,1,0
287.382000,carNoIp[133],1222,999.597,1,0
287.521000,carNoIp[286],1226,813.132,1,0
287.698000,carNoIp[222],1396,634.218,1,0
287.998000,carNoIp[170],1396,699.271,1,0
288.024000,carNoIp[312],1254,1002.45,1,0
288.262000,carNoIp[286],1322,760.084,1,0
288.355000,carNoIp[345],1266,856.127,1,0
288.482000,carNoIp[270],1222,1003.28,1,0
288.662000,carNoIp[236],1290,865.645,1,0
288.703000,carNoIp[269],1401,759.179,1,0
289.211000,carNoIp[345],1282,667.17,1,0
289.262000,carNoIp[244],1405,549.829,1,0
289.410000,carNoIp[328],1322,783.46,1,0
289.903000,carNoIp[383],1401,636.81,1,0
290.211000,carNoIp[306],1282,703.431,1,0
290.895000,carNoIp[268],1417,116.346,1,0
290.936000,carNoIp[274],1403,476.818,1,0
291.103000,carNoIp[385],1401,1020.2,1,0
291.205000,carNoIp[200],1278,1234.21,1,0
291.426000,carNoIp[296],1204,882.117,1,0
291.710000,carNoIp[373],1322,866.149,1,0
291.758000,carNoIp[241],1162,699.5,1,0
291.774000,carNoIp[309],1411,647.281,1,0
292.003000,carNoIp[252],1401,192.095,1,0
292.259000,carNoIp[379],1268,227.386,1,0
292.295000,carNoIp[361],1417,1257.3,1,0
292.495000,carNoIp[365],1417,851.567,1,0
292.995000,carNoIp[161],1417,878.226,1,0
292.995000,carNoIp[346],1417,860.128,1,0
293.095000,carNoIp[349],1417,905.814,1,0
293.136000,carNoIp[338],1403,569.15,1,0
293.138000,carNoIp[391],1174,217.57,1,0
293.431000,carNoIp[323],1294,806.535,1,0
293.658000,carNoIp[355],1162,629.009,1,0
293.790000,carNoIp[341],1226,643.739,1,0
293.827000,carNoIp[313],1290,937.306,1,0
293.905000,carNoIp[286],1278,976.755,1,0
293.930000,carNoIp[394],1396,1060.07,1,0
294.008000,carNoIp[68],1298,859.57,1,0
294.238000,carNoIp[315],1214,1128.08,1,0
294.259000,carNoIp[348],1268,802.09,1,0
295.038000,carNoIp[275],1174,649.469,1,0
295.729000,carNoIp[354],1258,624.115,1,0
295.818000,carNoIp[248],1290,980.314,1,0
295.995000,carNoIp[351],1417,668.158,1,0
296.022000,carNoIp[168],1282,782.318,1,0
296.349000,carNoIp[238],1300,389.891,1,0
296.708000,carNoIp[332],1298,1019.48,1,0
297.005000,carNoIp[222],1278,994.972,1,0
297.038000,carNoIp[184],1174,724.654,1,0
297.431000,carNoIp[291],1294,1286.13,1,0
297.858000,carNoIp[121],1162,780.575,1,0
298.077000,carNoIp[310],1322,994.549,1,0
298.358000,carNoIp[169],1162,760.034,1,0
298.590000,carNoIp[382],1421,1003.6,1,0
298.745000,carNoIp[337],1298,938.134,1,0
299.445000,carNoIp[133],1298,1048.84,1,0
299.646000,carNoIp[370],1294,524.185,1,0
